Delta,K,Mode_ID,Omega_re,Omega_im,Gamma,Mismatch_Error
0.3000,0.1000,0,-1.1734835638084413,1.600335241640957e-05,-9.224708130898382e-05,3.286560110215141e-07
0.3000,0.1000,5,0.29420753788607423,0.5572272379641359,0.43055477707562784,1.2901621478959886e-20
0.3000,0.1000,6,-0.2916270414454953,0.5576549729551542,0.7872335698600024,2.600404943358983e-20
0.3000,0.1000,7,0.001175657711364651,0.5632823987579155,0.5626209491005302,5.0771020673153735e-14
0.3000,0.1000,10,-0.05958850799590591,0.11907670428373349,0.1266219152957938,4.735058123106524e-22
0.3003,0.1000,5,0.2945551993498686,0.5572340463585534,0.4304444079622089,3.296515033508466e-14
0.3003,0.1000,6,-0.2919753690917141,0.5576613241963339,0.7876298363814559,4.101742181039446e-14
0.3003,0.1000,7,0.0011756578272908548,0.5632823986220739,0.5626209488997022,1.796416777061218e-14
0.3003,0.1000,10,-0.0594002895284824,0.11931884063229581,0.12685400527338236,1.6391135232173812e-17
0.3007,0.1000,5,0.2949028209522339,0.5572408517572636,0.43033410904726027,3.324931668821908e-14
0.3007,0.1000,6,-0.292323653896742,0.5576676757544262,0.7880264457405732,4.137994267760924e-14
0.3007,0.1000,7,0.0011756579273164674,0.5632823986517689,0.5626209488731518,1.1118457680685523e-14
0.3007,0.1000,10,-0.059212066497741384,0.11956130190970857,0.1270863471479904,1.6569864025983854e-17
0.3010,0.1000,5,0.29525040296284333,0.5572476540910203,0.430223880121044,3.353587906206249e-14
0.3010,0.1000,6,-0.29267189615873634,0.5576740275501516,0.7884233985919822,4.174569923245548e-14
0.3010,0.1000,7,0.0011756580239340579,0.5632823986494313,0.5626209488165217,8.398819607602087e-15
0.3010,0.1000,10,-0.05902384263362156,0.1198040901680471,0.12731894345055142,1.672074391041645e-17
0.3013,0.1000,5,0.2955979454952592,0.557254453339013,0.43011372106336215,3.3824876170735665e-14
0.3013,0.1000,6,-0.2930200959924506,0.5576803795401679,0.7888206954383428,4.21144957875873e-14
0.3013,0.1000,7,0.0011756581197677675,0.5632823986806912,0.5626209487938902,9.415511496051445e-15
0.3013,0.1000,10,-0.058835621648732836,0.1200472074623149,0.12755179671442063,1.6900342355352262e-17
0.3017,0.1000,5,0.2959454486626421,0.5572612494804654,0.4300036317543568,3.411615339726877e-14
0.3017,0.1000,6,-0.29336825351229706,0.5576867316812343,0.7892183367832021,4.248642863093678e-14
0.3017,0.1000,7,0.0011756582194200223,0.5632823986820049,0.5626209487392018,7.90072115089792e-15
0.3017,0.1000,10,-0.05864740729199729,0.12029065581454872,0.12778490944451198,1.706038913177501e-17
0.3020,0.1000,5,0.29629291257775536,0.5572680424946318,0.429893612074505,3.440997687961441e-14
0.3020,0.1000,6,-0.29371636883234803,0.5576930839302107,0.7896163231309972,4.2861531085186624e-14
0.3020,0.1000,7,0.0011756583196352048,0.5632823987114848,0.56262094871233,8.72860864540552e-15
0.3020,0.1000,10,-0.058459203349104955,0.12053443721258077,0.12801828411612903,1.725399396073933e-17
0.3023,0.1000,5,0.2966403373529647,0.5572748323608007,0.4297836619046213,3.470608880181968e-14
0.3023,0.1000,6,-0.2940644420663382,0.5576994362440596,0.7900146549870601,4.3239781415924996e-14
0.3023,0.1000,7,0.0011756584227777787,0.5632823987198777,0.5626209486627511,8.00164330844337e-15
0.3023,0.1000,10,-0.05827101364169201,0.12077855360998056,0.12825192317487705,1.740058935594583e-17
0.3027,0.1000,5,0.29698772310024335,0.5572816190582941,0.4296737811258543,3.500475904949878e-14
0.3027,0.1000,6,-0.2944124733276681,0.5577057885798472,0.7904133328576264,4.3621277236520156e-14
0.3027,0.1000,7,0.0011756584341124482,0.5632823984905656,0.5626209484273387,1.1070810195326997e-13
0.3027,0.1000,10,-0.05808284202772088,0.12102300692415136,0.12848582903477918,1.7581884562683685e-17
0.3030,0.1000,5,0.29733506993117287,0.5572884025664698,0.4295639696196878,3.530579678960389e-14
0.3030,0.1000,6,-0.29476046272940526,0.557712140894742,0.7908123572498351,4.400595299877542e-14
0.3030,0.1000,7,0.0011756582087849648,0.5632823977213983,0.5626209477856997,8.599187279765602e-14
0.3030,0.1000,10,-0.05789469240104132,0.12126779903702242,0.12872000407903916,1.7777493295142396e-17
0.3033,0.1000,5,0.297682377956947,0.5572951828647186,0.42945422726793614,3.560940010088354e-14
0.3033,0.1000,6,-0.2951084103842867,0.5577184931460168,0.7912117286717366,4.439383878798038e-14
0.3033,0.1000,7,0.001175656108837132,0.5632823984872989,0.5626209497307881,5.61236736760455e-14
0.3033,0.1000,10,-0.05770656869061814,0.12151293179300642,0.12895445065785485,1.794775073481444e-17
0.3037,0.1000,5,0.29802964728837333,0.5573019599324687,0.42934455395274745,3.591544359223466e-14
0.3037,0.1000,6,-0.2954563164047236,0.557724845291049,0.7916114476322987,4.478514046705184e-14
0.3037,0.1000,7,0.001175656108837132,0.5632823984872989,0.5626209497307881,3.835413261351716e-14
0.3037,0.1000,10,-0.05751847486121187,0.12175840699897823,0.12918917108857736,1.8123904931625846e-17
0.3040,0.1000,5,0.2983768780358761,0.5573087337491848,0.42923494955659974,3.622401619587882e-14
0.3040,0.1000,6,-0.2958041809027994,0.5577311972873222,0.79201151464141,4.517956490564496e-14
0.3040,0.1000,7,0.0011756559503339659,0.5632823985894417,0.5626209499218835,7.0483462197883874e-15
0.3040,0.1000,10,-0.05733041491235741,0.12200422642311418,0.1294241676544291,1.830027190596656e-17
0.3043,0.1000,5,0.29872407030949877,0.5573155042943674,0.4291254139623004,3.653519165478672e-14
0.3043,0.1000,6,-0.2961520039902773,0.5577375490924247,0.7924119302098862,4.5577512572446893e-14
0.3043,0.1000,7,0.0011756559646306296,0.5632823985880797,0.562620949912489,6.950838870320259e-16
0.3043,0.1000,10,-0.057142392878626595,0.1222503917946474,0.12965944260437004,1.8486032423658638e-17
0.3047,0.1000,5,0.2990712242189053,0.5573222715475558,0.4290159470529861,3.684884784181769e-14
0.3047,0.1000,6,-0.2964997857785969,0.5577439006640524,0.7928126948494735,4.597863969163127e-14
0.3047,0.1000,7,0.0011756559719280756,0.5632823985908033,0.5626209499111084,1.1402517092603702e-15
0.3047,0.1000,10,-0.05695441282883368,0.12249690480253882,0.1298949981516696,1.8678512145497605e-17
0.3050,0.1000,5,0.2994183398733855,0.5573290354883277,0.428906548712121,3.716512190730373e-14
0.3050,0.1000,6,-0.296847526378882,0.5577502519600074,0.7932138090728552,4.638322498744587e-14
0.3050,0.1000,7,0.0011756559789429964,0.5632823985927842,0.5626209499091448,1.1846634138716561e-15
0.3050,0.1000,10,-0.0567664788658352,0.12274376709483883,0.13013083647329352,1.8878125601699387e-17
0.3053,0.1000,5,0.29976541738185375,0.5573357960962987,0.4287972188234955,3.748401373186743e-14
0.3053,0.1000,6,-0.29719522590193925,0.5577566029381997,0.7936152733936569,4.6791277001947697e-14
0.3053,0.1000,7,0.00117565598609286,0.5632823985943288,0.5626209499066698,1.1316485339128544e-15
0.3053,0.1000,10,-0.0565785951264085,0.12299098027837821,0.1303669597096514,1.9060047800798104e-17
0.3057,0.1000,5,0.3001124568528538,0.5573425533511245,0.4286879572712258,3.780553338382848e-14
0.3057,0.1000,6,-0.2975428844582606,0.5577629535566477,0.7940170883264488,4.720267594628137e-14
0.3057,0.1000,7,0.0011756559932714818,0.5632823985961568,0.5626209499044615,1.0951337646176709e-15
0.3057,0.1000,10,-0.05639076578073423,0.12323854591730521,0.1306033699630671,1.9256063876313928e-17
0.3060,0.1000,5,0.30045945839456056,0.5573493072325011,0.42857876393975275,3.812967215480495e-14
0.3060,0.1000,6,-0.29789050215802754,0.5577693037734794,0.7944192543867561,4.761755341529363e-14
0.3060,0.1000,7,0.0011756560005632163,0.5632823985976173,0.5626209499018227,9.970029584625506e-16
0.3060,0.1000,10,-0.056202995031873565,0.12348646553288346,0.13084006929758565,1.9428778162671723e-17
0.3063,0.1000,5,0.30080642211478203,0.557356057720165,0.42846963871384125,3.8456458581528905e-14
0.3063,0.1000,6,-0.2982380791111112,0.5577756535469313,0.7948217720910578,4.803581779903656e-14
0.3063,0.1000,7,0.0011756560080330445,0.5632823985995968,0.5626209498996021,1.1653176277809826e-15
0.3063,0.1000,10,-0.05601528711565964,0.12373474060224923,0.13107705973773492,1.9623920049670653e-17
0.3067,0.1000,5,0.301153348120962,0.5573628047938939,0.428360581478578,3.878592123039654e-14
0.3067,0.1000,6,-0.2985856154270764,0.5577820028353498,0.7952246419567963,4.8457728760527036e-14
0.3067,0.1000,7,0.0011756560154488798,0.5632823986010206,0.5626209498968568,1.0051015210187445e-15
0.3067,0.1000,10,-0.05582764630003493,0.12398337255819245,0.13131434326829625,1.9817920113946498e-17
0.3070,0.1000,5,0.30150023652018215,0.5573695484335065,0.4282515921193714,3.91180984757223e-14
0.3070,0.1000,6,-0.29893311121518146,0.5577883515971925,0.7956278645023797,4.888317198670394e-14
0.3070,0.1000,7,0.0011756560230159867,0.5632823986027727,0.5626209498943544,9.569052441468805e-16
0.3070,0.1000,10,-0.0556400768845358,0.12423236278775812,0.1315519218328461,2.0014025799956946e-17
0.3073,0.1000,5,0.30184708741916483,0.5573762886188656,0.42814267052195143,3.9453090223611425e-14
0.3073,0.1000,6,-0.29928056658438174,0.5577946997910281,0.796031440247188,4.9312103453840823e-14
0.3073,0.1000,7,0.0011756560307298663,0.5632823986039271,0.5626209498911726,9.165467257118449e-16
0.3073,0.1000,10,-0.0554525832000227,0.12448171263204767,0.13178979733360344,2.0187267252018046e-17
0.3077,0.1000,5,0.3021939009242736,0.5573830253298758,0.4280338165723672,3.979070180853671e-14
0.3077,0.1000,6,-0.2996279816433326,0.5578010473755363,0.7964353697115777,4.9744713271548367e-14
0.3077,0.1000,7,0.0011756560614066454,0.5632823985359804,0.5626209498060665,8.168398531513349e-15
0.3077,0.1000,10,-0.055265169608532796,0.12473142338519291,0.13202797163041854,2.0408263612983178e-17
0.3080,0.1000,5,0.30254067714151833,0.5573897585464854,0.42792503015698613,4.013117676769013e-14
0.3080,0.1000,6,-0.2999753565003892,0.5578073943095103,0.7968396534168878,5.018095814606937e-14
0.3080,0.1000,7,0.00117565607078914,0.5632823985660504,0.5626209498308287,2.111757487257973e-15
0.3080,0.1000,10,-0.055077840501721556,0.12498149629362593,0.13226644653987887,2.060424743228698e-17
0.3083,0.1000,5,0.3028874161765542,0.5573964882486879,0.4278163111624951,4.0474350206076245e-14
0.3083,0.1000,6,-0.3003226912636096,0.5578137405518545,0.7972442918854409,5.062075774865041e-14
0.3083,0.1000,7,0.0011756560854468987,0.5632823985399854,0.5626209497965571,1.7000223478295752e-15
0.3083,0.1000,10,-0.05489060030140154,0.12523193255521628,0.13250522383456725,2.0810277342234184e-17
0.3087,0.1000,5,0.3032341181346862,0.5574032144165195,0.4277076594758956,4.0820390200415126e-14
0.3087,0.1000,6,-0.3006699860407581,0.5578200860615885,0.7976492856405548,5.106433168630613e-14
0.3087,0.1000,7,0.0011756560891349192,0.5632823985680638,0.5626209498225301,1.9103426991332684e-14
0.3087,0.1000,10,-0.054703453458420044,0.12548273331860768,0.13274430524230016,2.103146942301262e-17
0.3090,0.1000,5,0.3035807831208705,0.5574099370300635,0.427599074984507,4.1169194083560984e-14
0.3090,0.1000,6,-0.30101724093930476,0.5578264307978449,0.7980546352065414,5.151159058369626e-14
0.3090,0.1000,7,0.001175656107238942,0.5632823985118188,0.5626209497561774,7.422436027463314e-15
0.3090,0.1000,10,-0.054516404452294685,0.1257338996828086,0.13298369244574013,2.122886747295032e-17
0.3093,0.1000,5,0.30392741123971634,0.5574166560694476,0.4274905575759624,4.152088457237558e-14
0.3093,0.1000,6,-0.30136445606642925,0.5578327747198705,0.7984603411087134,5.1962651762029836e-14
0.3093,0.1000,7,0.0011756560822536522,0.5632823986719653,0.5626209499301766,1.9820544831708265e-14
0.3093,0.1000,10,-0.05432945779072392,0.12598543269588378,0.13322338708104045,2.1440432507685618e-17
0.3097,0.1000,5,0.3042740025954887,0.5574233715148464,0.4273821071382095,4.1875511424557676e-14
0.3097,0.1000,6,-0.3017116315290211,0.5578391177870278,0.7988664038733903,5.241739293061149e-14
0.3097,0.1000,7,0.0011756560822536522,0.5632823986719653,0.5626209499301766,1.5616849213287668e-14
0.3097,0.1000,10,-0.05414261800850976,0.1262373333544836,0.13346339073729332,2.162689896474464e-17
0.3100,0.1000,5,0.3046205572921091,0.5574300833464813,0.42727372355950904,4.2232988255513845e-14
0.3100,0.1000,6,-0.30205876743368415,0.5578454599587936,0.7992728240279015,5.287602258350538e-14
0.3100,0.1000,7,0.0011756560822536522,0.5632823986719653,0.5626209499301766,1.3348089900717238e-14
0.3100,0.1000,10,-0.05395588966767702,0.126489602603159,0.1337037049559203,2.1841401891851685e-17
0.3103,0.1000,5,0.3049670754331595,0.5574367915446211,0.4271654067284344,4.259337169587173e-14
0.3103,0.1000,6,-0.3024058638867357,0.5578518011947625,0.7996796021005936,5.333846351723515e-14
0.3103,0.1000,7,0.001175656125140416,0.5632823984353452,0.5626209496697337,2.4532723964025594e-14
0.3103,0.1000,10,-0.053769277356101056,0.12674224133366074,0.1339443312298352,2.2053722922053358e-17
0.3107,0.1000,5,0.3053135571218829,0.5574434960895822,0.4270571565338697,4.295670714404689e-14
0.3107,0.1000,6,-0.30275292099420953,0.5578581414546451,0.8000867386208328,5.380466050416582e-14
0.3107,0.1000,7,0.001175656113948115,0.5632823986749987,0.5626209499153954,2.9259634139910006e-14
0.3107,0.1000,10,-0.05358278568707057,0.12699525038398868,0.13418527100247582,2.224941690649104e-17
0.3110,0.1000,5,0.30566000246118663,0.5574501969617304,0.4269489728650102,4.3323008912014304e-14
0.3110,0.1000,6,-0.3030999388618585,0.5578644806982676,0.8004942341190096,5.427479741647083e-14
0.3110,0.1000,7,0.001175656113948115,0.5632823986749987,0.5626209499153954,1.907961002426323e-14
0.3110,0.1000,10,-0.05339641929920458,0.12724863053820412,0.13442652566769145,2.2478579809895727e-17
0.3113,0.1000,5,0.3060064115536425,0.5574568941414787,0.42684085561136,4.3692261295995674e-14
0.3113,0.1000,6,-0.30344691759515546,0.5578708188855755,0.8009020891265467,5.4748930505940344e-14
0.3113,0.1000,7,0.001175656113948115,0.5632823986749987,0.5626209499153954,2.1339765997243586e-14
0.3113,0.1000,10,-0.05321018285447094,0.1275023825250442,0.13466809656809614,2.2687193140455294e-17
0.3117,0.1000,5,0.30635278450149134,0.5574635876092907,0.42673280466273183,4.4064641927738663e-14
0.3117,0.1000,6,-0.3037938572992945,0.5578771559766327,0.8013103041759003,5.5226924688671746e-14
0.3117,0.1000,7,0.001175656113948115,0.5632823986749987,0.5626209499153954,4.3207468787203434e-14
0.3117,0.1000,10,-0.05302408103859317,0.12775650701775226,0.13490998499504492,2.2886209065846045e-17
0.3120,0.1000,5,0.30669912140664185,0.5574702773456803,0.42662481990924733,4.44399377518024e-14
0.3120,0.1000,6,-0.3041407580791944,0.5578834919316208,0.8017188798005681,5.570894270524514e-14
0.3120,0.1000,7,0.0011756561582124444,0.5632823985144221,0.5626209497301325,4.61276040476679e-14
0.3120,0.1000,10,-0.05283811855999778,0.12801100463313367,0.13515219218758487,2.3134098309127498e-17
0.3123,0.1000,5,0.30704542237067545,0.5574769633312106,0.4265169012413336,4.481833498528801e-14
0.3123,0.1000,6,-0.30448762003949814,0.5578898267108405,0.802127816535089,5.6194854378305216e-14
0.3123,0.1000,7,0.001175656189913522,0.5632823986148344,0.5626209498126122,9.891636715331748e-15
0.3123,0.1000,10,-0.052652300148585615,0.12826587593127262,0.13539471933207872,2.3354698957302494e-17
0.3127,0.1000,5,0.30739168749484674,0.5574836455464964,0.42640904854972456,4.519989657746073e-14
0.3127,0.1000,6,-0.30483444328457815,0.5578961602747122,0.8025371149150544,5.6685058500389614e-14
0.3127,0.1000,7,0.0011756561342452696,0.5632823984917563,0.562620949720962,3.459914630545549e-14
0.3127,0.1000,10,-0.0524666305554353,0.12852112141432473,0.13563756756098483,2.356318557082496e-17
0.3130,0.1000,5,0.3077379168800852,0.5574903239722045,0.4263012617254596,4.5584470791525794e-14
0.3130,0.1000,6,-0.30518122791853286,0.5579024925837772,0.8029467754771074,5.717917504716441e-14
0.3130,0.1000,7,0.0011756561342452696,0.5632823984917563,0.562620949720962,4.3336839715950696e-15
0.3130,0.1000,10,-0.052281114552005896,0.1287767415262176,0.13588073795252464,2.3807123631045817e-17
0.3133,0.1000,5,0.3080841106269975,0.5574969985890523,0.42619354065988163,4.597208568787829e-14
0.3133,0.1000,6,-0.3055279740451936,0.5579088235986971,0.803356798758952,5.767741151783542e-14
0.3133,0.1000,7,0.0011756561189978703,0.5632823984955047,0.5626209497332743,4.931849165616542e-15
0.3133,0.1000,10,-0.05209575692886109,0.12903273665215526,0.136124231530074,2.402759226540388e-17
0.3137,0.1000,5,0.30843026883587027,0.55750366937781,0.4260858852446369,4.6362939235583015e-14
0.3137,0.1000,6,-0.3058746817681229,0.5579151532802551,0.8037671852993552,5.817976275455954e-14
0.3137,0.1000,7,0.001175656118464927,0.5632823984912225,0.5626209497292968,7.960515111088647e-16
0.3137,0.1000,10,-0.05191056249523443,0.12928910711772132,0.13636804926125068,2.4221684189347978e-17
0.3140,0.1000,5,0.3087763916066703,0.5575103363193012,0.42597829537167503,4.67570707013563e-14
0.3140,0.1000,6,-0.3062213511906171,0.5579214815893541,0.8041779356381492,5.86862380121208e-14
0.3140,0.1000,7,0.001175656154687543,0.5632823986628419,0.5626209498803588,1.7896580425421748e-14
0.3140,0.1000,10,-0.051725536078138006,0.12954585318821946,0.136612192057187,2.4452052105126502e-17
0.3143,0.1000,5,0.3091224790390467,0.5575169993944028,0.4258707709332474,4.715424194288588e-14
0.3143,0.1000,6,-0.30656798241570987,0.5579278084870211,0.8045890503162442,5.919715877033989e-14
0.3143,0.1000,7,0.0011756561371583391,0.5632823985060861,0.5626209497336379,2.1899848727525467e-14
0.3143,0.1000,10,-0.05154068252109748,0.12980297506831834,0.1368566607720691,2.4708068521134313e-17
0.3147,0.1000,5,0.3094685312323344,0.5575236585840444,0.425763311821905,4.755475272441483e-14
0.3147,0.1000,6,-0.30691457554616874,0.5579341339344054,0.8050005298756232,5.971202085136359e-14
0.3147,0.1000,7,0.0011756561371583391,0.5632823985060861,0.5626209497336379,7.920524878043632e-15
0.3147,0.1000,10,-0.05135600668356205,0.13006047290187103,0.13710145620295613,2.4893994107540967e-17
0.3150,0.1000,5,0.3098145482855534,0.5575303138692115,0.4256559179305008,4.7958394424341215e-14
0.3150,0.1000,6,-0.30726113068450306,0.5579404578927781,0.805412374859354,6.023133541106511e-14
0.3150,0.1000,7,0.001175656131471704,0.5632823985115865,0.5626209497423275,2.4674194339242452e-15
0.3150,0.1000,10,-0.051171513440075395,0.1303183467701269,0.13734657908787024,2.513357879954392e-17
0.3153,0.1000,5,0.3101605302974127,0.5575369652309431,0.42554858915218546,4.836540761603095e-14
0.3153,0.1000,6,-0.30760764793296036,0.5579467803235356,0.8058245858115911,6.075482119743086e-14
0.3153,0.1000,7,0.0011756561361229909,0.5632823984800928,0.5626209497082569,6.998537445285657e-15
0.3153,0.1000,10,-0.05098720767897783,0.1305765966925388,0.13759203010655383,2.5379257391091814e-17
0.3157,0.1000,5,0.3105064773663109,0.5575436126503331,0.42544132538040813,4.877571952965877e-14
0.3157,0.1000,6,-0.30795412739353256,0.5579531011881977,0.8062371632775828,6.128279557398485e-14
0.3157,0.1000,7,0.0011756561361229909,0.5632823984800928,0.5626209497082569,3.040638949708796e-15
0.3157,0.1000,10,-0.05080309430157125,0.13083522262551686,0.13783780987912828,2.5615099343765027e-17
0.3160,0.1000,5,0.31085238959033784,0.5575502561085331,0.42533412650891717,4.918930469897958e-14
0.3160,0.1000,6,-0.3083005691679517,0.5579594204484076,0.8066501078036681,6.181501323320298e-14
0.3160,0.1000,7,0.0011756561726772286,0.5632823986067906,0.5626209498142639,2.4304449548784e-14
0.3160,0.1000,10,-0.05061917822127549,0.13109422446221697,0.13808391896584105,2.581819038225904e-17
0.3163,0.1000,5,0.3111982670672773,0.5575568955867479,0.42522699243175544,4.960628454962384e-14
0.3163,0.1000,6,-0.3086469733576968,0.5579657380659346,0.8070634199372916,6.235161071648694e-14
0.3163,0.1000,7,0.0011756561862227837,0.5632823985133718,0.5626209497133428,7.787865439988454e-15
0.3163,0.1000,10,-0.05043546436267822,0.13135360203165683,0.13833035786608847,2.6065840442258868e-17
0.3167,0.1000,5,0.3115441098946073,0.5575635310662411,0.4251199230432636,5.0026542872004093e-14
0.3167,0.1000,6,-0.30899334006399337,0.5579720540026732,0.8074771002270028,6.289275377419751e-14
0.3167,0.1000,7,0.001175656190706178,0.5632823985207436,0.5626209497181864,6.881383810244267e-16
0.3167,0.1000,10,-0.05025195766001636,0.13161335509881025,0.13857712701838484,2.629015953867608e-17
0.3170,0.1000,5,0.31188991816950423,0.5575701625283312,0.42501291823807563,5.0450399918917985e-14
0.3170,0.1000,6,-0.3093396693878138,0.5579783682206433,0.8078911492224601,6.34383323556336e-14
0.3170,0.1000,7,0.0011756562010817088,0.5632823984912252,0.5626209496828721,5.177298349013583e-15
0.3170,0.1000,10,-0.0500686630569687,0.13187348336382748,0.1388242267996009,2.655045395074601e-17
0.3173,0.1000,5,0.3122356919888409,0.5575767899543972,0.42490597791112267,5.087751949124974e-14
0.3173,0.1000,6,-0.3096859614298802,0.5579846806819914,0.8083055674744374,6.398831846678498e-14
0.3173,0.1000,7,0.001175656211242948,0.5632823984794848,0.5626209496654352,2.9766875421192448e-15
0.3173,0.1000,10,-0.04988558550447169,0.13213398646164523,0.13907165752432346,2.6762032753481975e-17
0.3177,0.1000,5,0.3125814314491909,0.5575834133258718,0.4247991019576262,5.130815040599429e-14
0.3177,0.1000,6,-0.3100322162906655,0.5579909913489899,0.8087203555348274,6.454293836551643e-14
0.3177,0.1000,7,0.0011756562261788074,0.5632823984717295,0.5626209496492955,2.0040273793992414e-15
0.3177,0.1000,10,-0.04970272996091992,0.13239486396149217,0.1393194194444519,2.7008161639800737e-17
0.3180,0.1000,5,0.31292713664683003,0.5575900326242478,0.4246922902731017,5.1742266577825724e-14
0.3180,0.1000,6,-0.31037843407039567,0.55799730018404,0.8091355139566497,6.510225132988877e-14
0.3180,0.1000,7,0.0011756562544914986,0.5632823984585471,0.5626209496202181,1.8563034373451083e-15
0.3180,0.1000,10,-0.0495201013902192,0.13265611536701738,0.1395675127491353,2.7227941523989827e-17
0.3183,0.1000,5,0.31327280767773724,0.5575966478310781,0.4245855427533578,5.217988253084441e-14
0.3183,0.1000,6,-0.3107246148690473,0.5580036071496696,0.809551043294048,6.56658469719236e-14
0.3183,0.1000,7,0.0011756562787285532,0.5632823984614764,0.5626209496095237,1.1309520639281713e-15
0.3183,0.1000,10,-0.04933770476104662,0.13291774011512092,0.13981593756351873,2.7489386369362427e-17
0.3187,0.1000,5,0.3136184446375956,0.5576032589279724,0.42447885929449275,5.262098388159998e-14
0.3187,0.1000,6,-0.3110707587863561,0.5580099122085337,0.8099669441023033,6.623429430662817e-14
0.3187,0.1000,7,0.0011756562787285532,0.5632823984614764,0.5626209496095237,2.6639382312159264e-14
0.3187,0.1000,10,-0.04915554504527566,0.13317973757631466,0.1400646939489763,2.7707065292193697e-17
0.3190,0.1000,5,0.31396404762179536,0.5576098658966012,0.42437223979289634,5.306556110360182e-14
0.3190,0.1000,6,-0.3114168659218112,0.5580162153234169,0.8103832169378318,6.680742638018839e-14
0.3190,0.1000,7,0.0011756562787285532,0.5632823984614764,0.5626209496095237,5.902962682238211e-14
0.3190,0.1000,10,-0.048973627217815674,0.13344210705403775,0.14031378190245022,2.7974163238267426e-17
0.3193,0.1000,5,0.31430961672543545,0.5576164687186925,0.42426568414524574,5.351392625051361e-14
0.3193,0.1000,6,-0.3117629363746596,0.5580225164572323,0.8107998623581922,6.738513738001221e-14
0.3193,0.1000,7,0.00117565579246083,0.5632823985469596,0.5626209499681697,2.988921538010408e-15
0.3193,0.1000,10,-0.04879195625414117,0.13370484778452296,0.14056320135602832,2.819837820829756e-17
0.3197,0.1000,5,0.3146551520433231,0.5576230673760381,0.42415919224851,5.396578622429069e-14
0.3197,0.1000,6,-0.3121089702439091,0.5580288155730218,0.8112168809220915,6.796771939548264e-14
0.3197,0.1000,7,0.00117565579246083,0.5632823985469596,0.5626209499681697,3.234652987519709e-15
0.3197,0.1000,10,-0.04861053713059507,0.13396795893655952,0.14081295217681952,2.8442083463041344e-17
0.3200,0.1000,5,0.3150006536699779,0.5576296618504869,0.42405276399994374,5.4421424692548864e-14
0.3200,0.1000,6,-0.31245496762832636,0.5580351126339583,0.8116342731893891,6.855508019226958e-14
0.3200,0.1000,7,0.001175655787496641,0.5632823985683241,0.5626209499922987,1.9277892389261582e-15
0.3200,0.1000,10,-0.04842937482194632,0.13423143961106107,0.14106303416621785,2.867361824591435e-17
0.3203,0.1000,5,0.315346121699631,0.5576362521239514,0.4239463992970907,5.488057594003914e-14
0.3203,0.1000,6,-0.31280092862643927,0.558041407603344,0.8120520397210974,6.914716764907066e-14
0.3203,0.1000,7,0.001175655787496641,0.5632823985683241,0.5626209499922987,3.1129431492233087e-15
0.3203,0.1000,10,-0.04824847430116098,0.13449528884106443,0.14131344705994464,2.893245128138872e-17
0.3207,0.1000,5,0.3156915562262287,0.5576428381784038,0.4238400980377797,5.534344804993625e-14
0.3207,0.1000,6,-0.31314685333654046,0.5580477004446098,0.8124701810793901,6.974432622062895e-14
0.3207,0.1000,7,0.001175655787496641,0.5632823985683241,0.5626209499922987,5.1183464742211536e-15
0.3207,0.1000,10,-0.04806784053744318,0.13475950559145505,0.14156419052754532,2.9169290401375744e-17
0.3210,0.1000,5,0.31603695734343296,0.5576494199958787,0.4237338601201262,5.5810099590712796e-14
0.3210,0.1000,6,-0.3134927418566847,0.5580539911213207,0.8128886978276073,7.034625707734665e-14
0.3210,0.1000,7,0.0011756557971907876,0.563282398549225,0.5626209499677745,3.3917865947377022e-15
0.3210,0.1000,10,-0.047887478495728296,0.13502408875878802,0.14181526417220028,2.941623402234331e-17
0.3213,0.1000,5,0.3163823251446223,0.5576559975584724,0.4236276854425301,5.6280444665960475e-14
0.3213,0.1000,6,-0.31383859428469313,0.5580602795971712,0.8133075905302581,7.095300386748921e-14
0.3213,0.1000,7,0.0011756557971907876,0.563282398549225,0.5626209499677745,6.213971664855128e-15
0.3213,0.1000,10,-0.04770739313497951,0.13528903717118237,0.14206666753043318,2.9659021427546725e-17
0.3217,0.1000,5,0.31672765972289446,0.557662570848344,0.42352157390367584,5.6754581054408406e-14
0.3217,0.1000,6,-0.31418441071815395,0.5580665658359871,0.8137268597530253,7.156478476140934e-14
0.3217,0.1000,7,0.0011756557848155043,0.5632823985891915,0.5626209500146484,4.415047289171557e-15
0.3217,0.1000,10,-0.04752758940729594,0.13555434958821352,0.14231840007193577,2.9913143013083536e-17
0.3220,0.1000,5,0.31707296117106726,0.5576691398477149,0.42341552540253113,5.723253272903492e-14
0.3220,0.1000,6,-0.31453019125442344,0.5580728498017271,0.8141465060627711,7.218170207359553e-14
0.3220,0.1000,7,0.0011756557855913993,0.5632823985441799,0.5626209499692537,3.7132420754778414e-15
0.3220,0.1000,10,-0.047348072256352396,0.135820024700819,0.1425704611993052,3.0150910402862904e-17
0.3223,0.1000,5,0.3174182295816801,0.5576757045388708,0.423309539838347,5.771435460772985e-14
0.3223,0.1000,6,-0.3148759359906247,0.5580791314584822,0.8145665300275388,7.280338988324745e-14
0.3223,0.1000,7,0.0011756557927344144,0.5632823985731903,0.5626209499942159,2.924029937138575e-15
0.3223,0.1000,10,-0.04716884661667552,0.13608606113132,0.14282285024802552,3.0395159899216703e-17
0.3227,0.1000,5,0.3177634650469948,0.5576822649041593,0.4232036171106556,5.820006192306172e-14
0.3227,0.1000,6,-0.3152216450236546,0.5580854107704751,0.8149869322165613,7.343039630284248e-14
0.3227,0.1000,7,0.0011756557927344144,0.5632823985731903,0.5626209499942159,3.025709829216965e-15
0.3227,0.1000,10,-0.04698991741186572,0.13635245743327234,0.14307556648611058,3.062963025415572e-17
0.3230,0.1000,5,0.31810866765899803,0.5576888209259927,0.42309775711927106,5.868958834228854e-14
0.3230,0.1000,6,-0.315567318450179,0.5580916877020634,0.8154077132002631,7.406253641790685e-14
0.3230,0.1000,7,0.0011756557927344144,0.5632823985731903,0.5626209499942159,3.5504468934280638e-15
0.3230,0.1000,10,-0.04681128955358389,0.13661921209148742,0.14332860911403705,3.084917374836975e-17
0.3233,0.1000,5,0.31845383750940254,0.5576953725868482,0.4229919597642879,5.918306061947411e-14
0.3233,0.1000,6,-0.31591295636663724,0.5580979622177372,0.8158288735502648,7.469981577974834e-14
0.3233,0.1000,7,0.0011756557971975884,0.5632823985496045,0.5626209499681496,2.7847091485376952e-15
0.3233,0.1000,10,-0.04663296794075942,0.13688632352218977,0.14358197726485247,3.113295853502154e-17
0.3237,0.1000,5,0.3187989746896477,0.5577019198692652,0.42288622494607936,5.96805233323681e-14
0.3237,0.1000,6,-0.3162585588692415,0.5581042342821202,0.8162504138393866,7.534218878901636e-14
0.3237,0.1000,7,0.0011756557915804898,0.5632823985603035,0.5626209499819926,2.076910459193868e-15
0.3237,0.1000,10,-0.046454957457274834,0.13715379007308748,0.14383567000396005,3.1374503650210656e-17
0.3240,0.1000,5,0.3191440792909013,0.557708462755851,0.42278055256529984,6.0181874143572e-14
0.3240,0.1000,6,-0.31660412605398064,0.5581105038599707,0.8166723346416564,7.598988735334774e-14
0.3240,0.1000,7,0.0011756557915804898,0.5632823985603035,0.5626209499819926,2.165285574678929e-15
0.3240,0.1000,10,-0.046277262971725894,0.13742161002319112,0.1440896863289494,3.1627214158384426e-17
0.3243,0.1000,5,0.31948915140406187,0.5577150012292756,0.42267494252288007,6.068734467845278e-14
0.3243,0.1000,6,-0.3169496580166172,0.5581167709161818,0.8170946365323094,7.664268164494124e-14
0.3243,0.1000,7,0.0011756557915804898,0.5632823985603035,0.5626209499819926,1.95916741010815e-15
0.3243,0.1000,10,-0.04609988933573151,0.13768978158327755,0.1443440251698832,3.1877413852702914e-17
0.3247,0.1000,5,0.31983419111975836,0.557721535272276,0.42256939472002947,6.119681321479854e-14
0.3247,0.1000,6,-0.3172951548526939,0.5581230354157807,0.8175173200877978,7.730100236316847e-14
0.3247,0.1000,7,0.0011756557915804898,0.5632823985603035,0.5626209499819926,1.3581427387134453e-15
0.3247,0.1000,10,-0.045922841382596,0.1379583028957277,0.14459868538897763,3.2131034929472374e-17
0.3250,0.1000,5,0.3201791985283524,0.5577280648676539,0.42246390905823383,6.171027632890672e-14
0.3250,0.1000,6,-0.3176406166575286,0.5581292973239316,0.8179403858857911,7.796446644062273e-14
0.3250,0.1000,7,0.0011756557915804898,0.5632823985603035,0.5626209499819926,2.720123474262324e-16
0.3250,0.1000,10,-0.04574612392637193,0.13822717203515925,0.1448536657811741,3.2346609922435724e-17
0.3253,0.1000,5,0.32052417371993996,0.5577345899982779,0.42235848543925525,6.222795823423795e-14
0.3253,0.1000,6,-0.317986043526221,0.5581355566059316,0.8183638345051812,7.863358739379132e-14
0.3253,0.1000,7,0.0011756557915804898,0.5632823985603035,0.5626209499819926,1.5519474734390172e-15
0.3253,0.1000,10,-0.04556974176049327,0.1384963870080815,0.14510896507361873,3.2581474684570254e-17
0.3257,0.1000,5,0.32086911678435165,0.5577411106470822,0.4222531237651311,6.274979141407566e-14
0.3257,0.1000,6,-0.3183314355536486,0.5581418132272165,0.8187876665260883,7.930797670978751e-14
0.3257,0.1000,7,0.0011756557915804898,0.5632823985603035,0.5626209499819926,4.545905315140826e-15
0.3257,0.1000,10,-0.04539369965625391,0.1387659457534037,0.14536458192600993,3.285066336125436e-17
0.3260,0.1000,5,0.32121402781115455,0.5577476267970688,0.42214782393817385,6.327567993634297e-14
0.3260,0.1000,6,-0.3186767928344726,0.5581480671533554,0.8192118825298628,7.998796418145188e-14
0.3260,0.1000,7,0.0011756558049757948,0.5632823985634322,0.56262094997759,7.683929083452989e-15
0.3260,0.1000,10,-0.04521800236165013,0.13903584614281947,0.14562051493086817,3.310417241172439e-17
0.3263,0.1000,5,0.3215589068896542,0.5577541384313064,0.4220425858609699,6.380586906017195e-14
0.3263,0.1000,6,-0.319022115463135,0.5581543183500571,0.8196364830990942,8.06734384661449e-14
0.3263,0.1000,7,0.0011756558049757948,0.5632823985634322,0.56262094997759,1.28498364818535e-14
0.3263,0.1000,10,-0.04504265460049331,0.1393060859810676,0.14587676261371535,3.333065196615245e-17
0.3267,0.1000,5,0.3219037541088939,0.5577606455329298,0.42193740943637825,6.434022454409647e-14
0.3267,0.1000,6,-0.31936740353386206,0.5581605667831647,0.82006146881761,8.13644580970098e-14
0.3267,0.1000,7,0.0011756558049757948,0.5632823985634322,0.56262094997759,1.920790304258602e-14
0.3267,0.1000,10,-0.04486766107078278,0.139576663005924,0.14613332343285648,3.358254954680913e-17
0.3270,0.1000,5,0.3222485695576581,0.5577671480851436,0.42183229456753185,6.487880562271465e-14
0.3270,0.1000,6,-0.3197126571406636,0.558166812418659,0.820486840270482,8.206098383888967e-14
0.3270,0.1000,7,0.0011756556792801385,0.5632823984416566,0.5626209499265934,2.577807852664689e-14
0.3270,0.1000,10,-0.04469302644353398,0.13984757488902982,0.14639019578010415,3.382812454522611e-17
0.3273,0.1000,5,0.32259335332447303,0.5577736460712179,0.4217272411578336,6.54217854204161e-14
0.3273,0.1000,6,-0.3200578763773362,0.5581730552226599,0.8209125980440358,8.276310712288968e-14
0.3273,0.1000,7,0.001175655673779272,0.5632823985757969,0.5626209500636675,8.15056775824364e-15
0.3273,0.1000,10,-0.04451875536181704,0.14011881923610817,0.1466473779808914,3.408653521502728e-17
0.3277,0.1000,5,0.3229381054976062,0.5577801394744923,0.42162224911095936,6.596898381415272e-14
0.3277,0.1000,6,-0.3204030613374627,0.5581792951614228,0.8213387427258468,8.34711163516905e-14
0.3277,0.1000,7,0.0011756556716838442,0.5632823985334149,0.5626209500225128,3.289081556669497e-15
0.3277,0.1000,10,-0.04434485243892429,0.1403903935872671,0.14690486829433919,3.4315386744699704e-17
0.3280,0.1000,5,0.3232828261650707,0.557786628278375,0.4215173183308546,6.652061351163824e-14
0.3280,0.1000,6,-0.32074821211441207,0.5581855322013423,0.8217652749047487,8.418482611139292e-14
0.3280,0.1000,7,0.001175655668774806,0.5632823985447103,0.5626209500354297,6.338695863482529e-15
0.3280,0.1000,10,-0.044171322257847645,0.14066229541745986,0.14716266491368593,3.457836285285687e-17
0.3283,0.1000,5,0.32362751541462337,0.557793112466342,0.42141244872173467,6.70765622161367e-14
0.3283,0.1000,6,-0.3210933288013415,0.5581917663089511,0.8221921951708376,8.490416102630126e-14
0.3283,0.1000,7,0.001175655668774806,0.5632823985447103,0.5626209500354297,1.5408537443790697e-14
0.3283,0.1000,10,-0.04399816936943487,0.14093452213730717,0.14742076596689024,3.478038541733726e-17
0.3287,0.1000,5,0.3239721733337684,0.5577995920219386,0.4213076401880838,6.763697000490981e-14
0.3287,0.1000,6,-0.3214384114911998,0.5581979974509207,0.8226195041154786,8.562947210126006e-14
0.3287,0.1000,7,0.001175655668774806,0.5632823985447103,0.5626209500354297,2.7012286692764437e-14
0.3287,0.1000,10,-0.043825398291935116,0.14120707109300665,0.147679169516489,3.5052724569757956e-17
0.3290,0.1000,5,0.32431680000975693,0.55780606692878,0.4212028926346553,6.820182266463864e-14
0.3290,0.1000,6,-0.3217834602767237,0.5582042255940612,0.8230472023313056,8.636058112571537e-14
0.3290,0.1000,7,0.0011756557018423718,0.5632823987631047,0.562620950234985,3.790913294512202e-14
0.3290,0.1000,10,-0.04365301350874825,0.14147993956759444,0.14793787356059038,3.524811843158285e-17
0.3293,0.1000,5,0.32466139552958867,0.5578125371705496,0.4210982059664694,6.877114351942201e-14
0.3293,0.1000,6,-0.32212847525044097,0.5582104507053224,0.8234752904122272,8.709740006385347e-14
0.3293,0.1000,7,0.0011756557018423718,0.5632823987631047,0.562620950234985,4.350069732510062e-14
0.3293,0.1000,10,-0.0434810194684836,0.14175312478073596,0.14819687603268142,3.5513547770125035e-17
0.3297,0.1000,5,0.3250059599800137,0.5578190027310008,0.42099358008881327,6.934507915958627e-14
0.3297,0.1000,6,-0.3224734565046729,0.5582166727517914,0.8239037689534322,8.784025046018183e-14
0.3297,0.1000,7,0.0011756557018423718,0.5632823987631047,0.562620950234985,5.171177042887891e-14
0.3297,0.1000,10,-0.043309420582673626,0.14202662389017043,0.1484561748027998,3.57238225381384e-17
0.3300,0.1000,5,0.325350493447532,0.5578254635939583,0.4208890149072416,6.992339129273853e-14
0.3300,0.1000,6,-0.32281840413153345,0.5582228917006976,0.8243326385513952,8.858931761224504e-14
0.3300,0.1000,7,0.0011756557018423718,0.5632823987631047,0.562620950234985,6.307843874703689e-14
0.3300,0.1000,10,-0.04313822122530095,0.1423004339914009,0.1487157676771482,3.5978540225737447e-17
0.3303,0.1000,5,0.3256949960183972,0.5578319197433149,0.42078451032757286,7.050648207082592e-14
0.3303,0.1000,6,-0.32316331822292865,0.5582291075194097,0.8247618998038773,8.934418192879771e-14
0.3303,0.1000,7,0.0011756555909005015,0.5632823986877833,0.5626209502220969,4.748563895695429e-14
0.3303,0.1000,10,-0.04296742573129588,0.1425745521192366,0.14897565239948274,3.620750234133406e-17
0.3307,0.1000,5,0.3260394677786143,0.5578383711630357,0.4206800662558924,7.10939777006258e-14
0.3307,0.1000,6,-0.32350819887056104,0.5582353201754352,0.8251915533099318,9.010526405052885e-14
0.3307,0.1000,7,0.0011756555847601108,0.5632823983994604,0.5626209499375632,3.066132164488048e-14
0.3307,0.1000,10,-0.04279703839575753,0.14284897524790244,0.14923582665111274,3.644743624248203e-17
0.3310,0.1000,5,0.32638390881394413,0.5578448178371549,0.42057568259854805,7.16862649495972e-14
0.3310,0.1000,6,-0.32385304616592675,0.5582415296364234,0.8256215996699087,9.08722204304932e-14
0.3310,0.1000,7,0.0011756555770413765,0.5632823986149801,0.5626209501571674,4.5387965186038415e-14
0.3310,0.1000,10,-0.04262706347241273,0.14312370029197533,0.1494962880516428,3.666895151117966e-17
0.3313,0.1000,5,0.3267283192099025,0.5578512597497787,0.4204713592621525,7.228323830270008e-14
0.3313,0.1000,6,-0.3241978602003209,0.5582477358701634,0.8260520394854607,9.164555929748023e-14
0.3313,0.1000,7,0.0011756555770413765,0.5632823986149801,0.5626209501571674,2.882132669910844e-14
0.3313,0.1000,10,-0.042457505172795465,0.14339872410693313,0.14975703415941918,3.691270466344061e-17
0.3317,0.1000,5,0.3270726990517611,0.5578576968850838,0.42036709615358087,7.288484339835748e-14
0.3317,0.1000,6,-0.3245426410648333,0.5582539388445857,0.8264828733595445,9.242509166591627e-14
0.3317,0.1000,7,0.001175655622526234,0.5632823984658742,0.5626209499826761,1.858933161629552e-14
0.3317,0.1000,10,-0.04228836766514047,0.14367404349036192,0.1500180624726159,3.7120699584186976e-17
0.3320,0.1000,5,0.32741704842455,0.557864129227318,0.4202628931799702,7.349133223131883e-14
0.3320,0.1000,6,-0.3248873888503525,0.5582601385277615,0.8269141018964254,9.321085131433845e-14
0.3320,0.1000,7,0.001175655622526234,0.5632823984658742,0.5626209499826761,2.205049652657327e-14
0.3320,0.1000,10,-0.0421196550732168,0.1439496551821452,0.1502793704292452,3.7327571400189515e-17
0.3323,0.1000,5,0.327761367413057,0.5578705567608014,0.4201587502487199,7.410246302483839e-14
0.3323,0.1000,6,-0.325232103647566,0.5582663348879038,0.827345725701685,9.400278111733378e-14
0.3323,0.1000,7,0.001175655622526234,0.5632823984658742,0.5626209499826761,2.902649200983138e-14
0.3323,0.1000,10,-0.04195137147540664,0.14422555586561395,0.15054095540820622,3.758419687849285e-17
0.3327,0.1000,5,0.328105656101831,0.5578769794699252,0.4200546672674893,7.471852295591766e-14
0.3327,0.1000,6,-0.3255767855469612,0.5582725278933662,0.8277777453822204,9.480122120482483e-14
0.3327,0.1000,7,0.001175655622526234,0.5632823984658742,0.5626209499826761,3.918486460478099e-14
0.3327,0.1000,10,-0.04178352090336945,0.14450174216848455,0.1508028147300443,3.783042555068832e-17
0.3330,0.1000,5,0.3284499145751804,0.5578833973391524,0.4199506441441984,7.533946228546082e-14
0.3330,0.1000,6,-0.3259214346388255,0.558278717512645,0.8282101615462534,9.560613087026173e-14
0.3330,0.1000,7,0.001175655622526234,0.5632823984658742,0.5626209499826761,5.254153610233958e-14
0.3330,0.1000,10,-0.04161610734142782,0.14477821066360794,0.15106494565762252,3.804048081059415e-17
0.3333,0.1000,5,0.3287941429171757,0.5578898103530188,0.41984668078702714,7.596529174926415e-14
0.3333,0.1000,6,-0.32626605101324613,0.5582849037143779,0.8286429748033288,9.641727908725587e-14
0.3333,0.1000,7,0.0011756556386569826,0.5632823987381925,0.5626209502456097,4.585812806443667e-14
0.3333,0.1000,10,-0.0414491347254302,0.14505495786959519,0.15132734539657974,3.8297197347529094e-17
0.3337,0.1000,5,0.3291383412116504,0.5578962184961319,0.41974277710441366,7.659603202727413e-14
0.3337,0.1000,6,-0.32661063476011426,0.5582910864673448,0.8290761857643257,9.723504335508558e-14
0.3337,0.1000,7,0.0011756556386569826,0.5632823987381925,0.5626209502456097,5.1280238477913726e-14
0.3337,0.1000,10,-0.041282606941543246,0.14533198025235308,0.1515900110967233,3.847846201381311e-17
0.3340,0.1000,5,0.3294825095422017,0.5579026217531721,0.4196389330050547,7.723174468206272e-14
0.3340,0.1000,6,-0.3269551859691223,0.5582972657404679,0.8295097950414555,9.805918657920042e-14
0.3340,0.1000,7,0.0011756556386569826,0.5632823987381925,0.5626209502456097,5.755850907167053e-14
0.3340,0.1000,10,-0.04111652782581368,0.1456092742252736,0.15185293985213552,3.868733653338908e-17
0.3343,0.1000,5,0.32982664799219147,0.5579090201088922,0.4195351483979047,7.787238183605739e-14
0.3343,0.1000,6,-0.3272997047297673,0.5583034415028124,0.8299438032482719,9.889009465512575e-14
0.3343,0.1000,7,0.0011756556386569826,0.5632823987381925,0.5626209502456097,6.539197802128321e-14
0.3343,0.1000,10,-0.040950901162695674,0.14588683615075543,0.15211612870250354,3.889085689390815e-17
0.3347,0.1000,5,0.3301707566447478,0.5579154135481175,0.41943142319217397,7.851819301613168e-14
0.3347,0.1000,6,-0.32764419113134857,0.5583096137235858,0.8303782109996685,9.972753986191075e-14
0.3347,0.1000,7,0.0011756556073308133,0.5632823984815828,0.5626209500069054,2.7305464806496868e-14
0.3347,0.1000,10,-0.04078573068452353,0.1461646623409118,0.15237957463374602,3.911584237912704e-17
0.3350,0.1000,5,0.33051483558276545,0.5579218020557472,0.4193277572973303,7.916906984106458e-14
0.3350,0.1000,6,-0.3279886452629716,0.5583157823721376,0.8308130189118872,1.0057165068229933e-13
0.3350,0.1000,7,0.0011756556073308133,0.5632823984815828,0.5626209500069054,2.685079254370851e-14
0.3350,0.1000,10,-0.040621020070407146,0.14644274905870797,0.15264327457899396,3.934801327678118e-17
0.3354,0.1000,5,0.3308588848889062,0.5579281856167528,0.4192241506230963,7.982493381064162e-14
0.3354,0.1000,6,-0.32833306721354677,0.5583219474179619,0.8312482276025225,1.0142245452554114e-13
0.3354,0.1000,7,0.0011756556160597187,0.5632823986709778,0.5626209501911726,2.1745846044894562e-14
0.3354,0.1000,10,-0.04045677294557387,0.1467210925190414,0.15290722541957896,3.9540506949094536e-17
0.3357,0.1000,5,0.3312029046456024,0.5579345642161804,0.4191206030794499,8.048614416272169e-14
0.3357,0.1000,6,-0.32867745707179147,0.5583281088306961,0.831683837690527,1.0228012834767764e-13
0.3357,0.1000,7,0.0011756556294266372,0.5632823985488279,0.5626209500616545,1.0020143543722763e-14
0.3357,0.1000,10,-0.04029299288043739,0.14699968888927928,0.15317142398540987,3.9815160543766803e-17
0.3360,0.1000,5,0.3315468949350538,0.5579409378391481,0.4190171145766231,8.115235637643263e-14
0.3360,0.1000,6,-0.3290218149262285,0.5583342665801184,0.8321198497962071,1.0314464555569296e-13
0.3360,0.1000,7,0.0011756556294266372,0.5632823985488279,0.5626209500616545,1.443168701218644e-14
0.3360,0.1000,10,-0.04012968338956632,0.1472785342912679,0.1534358670568634,3.999549159576516e-17
0.3364,0.1000,5,0.33189085583923256,0.5579473064708486,0.41891368502510107,8.182393710474837e-14
0.3364,0.1000,6,-0.3293661408651891,0.5583404206361545,0.8325562645412403,1.0401586234363528e-13
0.3364,0.1000,7,0.001175655643480911,0.5632823985727022,0.5626209500776028,1.9842834919418425e-14
0.3364,0.1000,10,-0.03996684793147241,0.14755762480131768,0.15370055136469388,4.0206410025831543e-17
0.3367,0.1000,5,0.3322347874398815,0.5579536700965484,0.4188103143356228,8.25006983752784e-14
0.3367,0.1000,6,-0.3297104349768136,0.5583465709688704,0.8329930825486689,1.0489423363598924e-13
0.3367,0.1000,7,0.001175655656965584,0.563282398567135,0.5626209500644644,1.3278023423685644e-14
0.3367,0.1000,10,-0.03980448990731971,0.14783695645216233,0.15396547359182378,4.0388704619100244e-17
0.3370,0.1000,5,0.3325786898185167,0.5579600287015879,0.41870700241917885,8.318278461990378e-14
0.3370,0.1000,6,-0.33005469734904913,0.5583527175484772,0.8334303044429066,1.0577949032302679e-13
0.3370,0.1000,7,0.0011756556830627872,0.5632823984121385,0.5626209498949841,3.2920082323360514e-14
0.3370,0.1000,10,-0.03964261266040044,0.14811652523346605,0.15423063037374168,4.059071085077915e-17
0.3374,0.1000,5,0.3329225630564272,0.5579663822713815,0.41860374918701176,8.387032875025687e-14
0.3374,0.1000,6,-0.3303989280696534,0.5583588603453307,0.8338679308497469,1.0667158318707566e-13
0.3374,0.1000,7,0.001175655652808204,0.563282398613254,0.5626209501128655,1.1599376067868343e-14
0.3374,0.1000,10,-0.03948121947553697,0.14839632709349257,0.1544960183000952,4.0758886323997013e-17
0.3377,0.1000,5,0.33326640723467593,0.5579727307914178,0.41850055455061497,8.456302814839653e-14
0.3377,0.1000,6,-0.3307431272261954,0.5583649993299294,0.8343059623963631,1.0757103703410547e-13
0.3377,0.1000,7,0.0011756556627678405,0.5632823985035855,0.5626209499977289,1.5393430278874828e-14
0.3377,0.1000,10,-0.03932031357837164,0.14867635793966277,0.1547616339151059,4.099149500662041e-17
0.3380,0.1000,5,0.3336102224341025,0.5579790742472598,0.41839741842173167,8.526137323438713e-14
0.3380,0.1000,6,-0.3310872949060527,0.5583711344729176,0.8347443997113131,1.0847729497478995e-13
0.3380,0.1000,7,0.0011756556627678405,0.5632823985035855,0.5626209499977289,1.1945038839556393e-14
0.3380,0.1000,10,-0.03915989813428854,0.1489566136403135,0.1550274737191724,4.116155389406097e-17
0.3384,0.1000,5,0.33395400873532066,0.5579854126245456,0.41829434071235616,8.596500993409334e-14
0.3384,0.1000,6,-0.3314314311964157,0.5583772657450824,0.8351832434245432,1.0939078955960675e-13
0.3384,0.1000,7,0.0011756556627678405,0.5632823985035855,0.5626209499977289,1.037354566112343e-14
0.3384,0.1000,10,-0.038999976248650786,0.14923709002534571,0.1552935341695263,4.13459956670017e-17
0.3387,0.1000,5,0.3342977662187235,0.557991745908987,0.4181913213347303,8.667425599448874e-14
0.3387,0.1000,6,-0.3317755361842874,0.5583833931173563,0.8356224941673954,1.1031182672899155e-13
0.3387,0.1000,7,0.0011756556627678405,0.5632823985035855,0.5626209499977289,6.66221608214012e-14
0.3387,0.1000,10,-0.03884055096541389,0.14951778288774803,0.15555981168153488,4.148599236672549e-17
0.3390,0.1000,5,0.3346414949644803,0.5579980740863719,0.41808836020134554,8.738902626897147e-14
0.3390,0.1000,6,-0.33211960995648104,0.5583895165608178,0.8360621525726085,1.1123984010911788e-13
0.3390,0.1000,7,0.001175655676786277,0.5632823985838785,0.5626209500700498,1.1827235046037333e-14
0.3390,0.1000,10,-0.038681625267278134,0.14979868798449497,0.1558263026295986,4.168790381798103e-17
0.3394,0.1000,5,0.33498519505253954,0.5580043971425613,0.4179854572249399,8.810932254082504e-14
0.3394,0.1000,6,-0.332463652599625,0.5583956360466864,0.8365022192743189,1.1217525161184844e-13
0.3394,0.1000,7,0.001175655698912539,0.5632823986100095,0.5626209500837159,1.0108804329867899e-14
0.3394,0.1000,10,-0.03852320207414624,0.1500798010380472,0.1560930033483979,4.1849970124018916e-17
0.3397,0.1000,5,0.33532886656262995,0.5580107150634931,0.4178826123184997,8.88352723056761e-14
0.3397,0.1000,6,-0.33280766420016106,0.5584017515463303,0.8369426949080747,1.1311810438608071e-13
0.3397,0.1000,7,0.001175655698912539,0.5632823986100095,0.5626209500837159,1.0985944877554358e-14
0.3397,0.1000,10,-0.03836528424391651,0.15036111773734687,0.15635991013399067,4.2049854033384564e-17
0.3400,0.1000,5,0.3356725095742602,0.5580170278351788,0.4177798253952567,8.956694016956722e-14
0.3400,0.1000,6,-0.33315164484434506,0.558407863031261,0.8373835801108306,1.1406843069020642e-13
0.3400,0.1000,7,0.0011756556977072436,0.5632823984980835,0.5626209499725988,1.3321085786348982e-14
0.3400,0.1000,10,-0.03820787457097363,0.15064263373923423,0.15662701924497158,4.221938178800544e-17
0.3404,0.1000,5,0.3360161241667199,0.5580233354437065,0.4176770963686898,9.030413830254919e-14
0.3404,0.1000,6,-0.3334955946182476,0.5584139704731345,0.8378248755209544,1.1502618065777582e-13
0.3404,0.1000,7,0.0011756556977072436,0.5632823984980835,0.5626209499725988,1.546916382023304e-14
0.3404,0.1000,10,-0.03805097578631575,0.15092434466933727,0.15689432690334684,4.243884143277176e-17
0.3407,0.1000,5,0.33635971041908236,0.5580296378752377,0.417574425152521,9.104725508599692e-14
0.3407,0.1000,6,-0.3338395136077549,0.558420073843753,0.8382665817782339,1.1599147716861926e-13
0.3407,0.1000,7,0.0011756557101597963,0.5632823986026946,0.562620950070089,1.5210161495379915e-14
0.3407,0.1000,10,-0.03789459055681706,0.15120624612378739,0.1571618292961244,4.262135589226424e-17
0.3410,0.1000,5,0.33670326841020215,0.5580359351160121,0.41747181166071956,9.179600736847259e-14
0.3410,0.1000,6,-0.33418340189856927,0.5584261731150648,0.8387086995238799,1.16964187798565e-13
0.3410,0.1000,7,0.0011756557101597963,0.5632823986026946,0.562620950070089,1.2141556599727751e-14
0.3410,0.1000,10,-0.03773872148511368,0.15148833367012093,0.15742952257615694,4.272660120159601e-17
0.3414,0.1000,5,0.3370467982187187,0.5580422271523418,0.4173692558074959,9.255065816069344e-14
0.3414,0.1000,6,-0.3345272595762098,0.5584322682591603,0.8391512294005254,1.1794475226153794e-13
0.3414,0.1000,7,0.0011756557244477451,0.5632823985329852,0.5626209499924324,5.25916420117375e-15
0.3414,0.1000,10,-0.03758337110914108,0.15177060284829,0.15769740286303935,4.288805745512438e-17
0.3417,0.1000,5,0.33739029992305636,0.5580485139706167,0.4172667575073057,9.331133802845162e-14
0.3417,0.1000,6,-0.33487108672601207,0.5584383592482784,0.8395941720522376,1.189328851417795e-13
0.3417,0.1000,7,0.0011756557244477451,0.5632823985329852,0.5626209499924324,7.722001265282128e-15
0.3417,0.1000,10,-0.03742854190182127,0.15205304917253096,0.15796546624491967,4.3062393628388954e-17
0.3420,0.1000,5,0.33773377360142365,0.5580547955573023,0.41716431667484694,9.407775144887754e-14
0.3420,0.1000,6,-0.3352148834331292,0.558444446054802,0.8400375281245155,1.1992873284317339e-13
0.3420,0.1000,7,0.0011756557244477451,0.5632823985329852,0.5626209499924324,8.9423777877684e-15
0.3420,0.1000,10,-0.03727423627076549,0.1523356681322805,0.1582337087793204,4.3218276140259025e-17
0.3424,0.1000,5,0.33807721933181606,0.5580610718989379,0.4170619332250586,9.485004818870376e-14
0.3424,0.1000,6,-0.33555864978253364,0.5584505286512602,0.8404812982642994,1.2093258340356866e-13
0.3424,0.1000,7,0.0011756557244477451,0.5632823985329852,0.5626209499924324,2.7237745627740453e-14
0.3424,0.1000,10,-0.037120456557927436,0.15261845519326417,0.1585021264941286,4.3402844454513007e-17
0.3427,0.1000,5,0.3384206371920175,0.5580673429821418,0.4169596070731224,9.562861499648142e-14
0.3427,0.1000,6,-0.33590238585901555,0.5584566070103281,0.840925483119972,1.2194444349381516e-13
0.3427,0.1000,7,0.0011756557244477451,0.5632823985329852,0.5626209499924324,1.3675117285403472e-14
0.3427,0.1000,10,-0.03696720503956037,0.15290140579917075,0.15877071538924256,4.3553912092116947e-17
0.3430,0.1000,5,0.3387640272595968,0.5580736087936061,0.4168573381344607,9.641291095946389e-14
0.3430,0.1000,6,-0.3362460917471829,0.5584626811048246,0.8413700833413577,1.2296393508043955e-13
0.3430,0.1000,7,0.0011756557244477451,0.5632823985329852,0.5626209499924324,8.2322573668581e-15
0.3430,0.1000,10,-0.03681448392597335,0.15318451537251865,0.15903947143734404,4.369858262194901e-17
0.3434,0.1000,5,0.3391073896119143,0.5580798693200985,0.4167551263247342,9.720346516716149e-14
0.3434,0.1000,6,-0.3365897675314651,0.558468750907717,0.8418150995797382,1.2399145625419242e-13
0.3434,0.1000,7,0.0011756557244477451,0.5632823985329852,0.5626209499924324,8.261002375703788e-15
0.3434,0.1000,10,-0.03666229536117935,0.1534677793161438,0.15930839058529606,4.3798017300231604e-17
0.3437,0.1000,5,0.3394507243261175,0.5580861245484635,0.4166529715598449,9.80001445711339e-14
0.3437,0.1000,6,-0.33693341329611176,0.5584748163921157,0.8422605324878464,1.250272003289613e-13
0.3437,0.1000,7,0.0011756557244477451,0.5632823985329852,0.5626209499924324,1.0120597576761292e-14
0.3437,0.1000,10,-0.03651064142304875,0.1537511930142803,0.15957746875519915,4.389819386593287e-17
0.3440,0.1000,5,0.3397940314791454,0.5580923744656223,0.4165508737559332,9.880286434396439e-14
0.3440,0.1000,6,-0.3372770291251909,0.5584808775312792,0.8427063827198746,1.2607080322880576e-13
0.3440,0.1000,7,0.0011756557237108825,0.5632823985912406,0.5626209500510335,6.693726388174466e-15
0.3440,0.1000,10,-0.036359524123091916,0.15403475183383708,0.15984670184558844,4.409669464885731e-17
0.3444,0.1000,5,0.3401373111477277,0.5580986190585722,0.416448832829378,9.961193500411481e-14
0.3444,0.1000,6,-0.3376206151025941,0.5584869342986102,0.843152650931479,1.2712266127419602e-13
0.3444,0.1000,7,0.0011756557237108825,0.5632823985912406,0.5626209500510335,7.814534542283506e-15
0.3444,0.1000,10,-0.03620894540598279,0.15431845112609663,0.16011608573302333,4.4206941701882845e-17
0.3447,0.1000,5,0.3404805634083853,0.558104858314385,0.4163468486967947,1.004272167143309e-13
0.3447,0.1000,6,-0.33796417131203366,0.5584929866676587,0.8435993377797836,1.2818292190472348e-13
0.3447,0.1000,7,0.0011756557237108825,0.5632823985912406,0.5626209500510335,1.2612418288578933e-14
0.3447,0.1000,10,-0.036058907150315456,0.15460228622724653,0.1603856162726688,4.432858838066517e-17
0.3450,0.1000,5,0.34082378833743193,0.5581110922202122,0.4162449212750377,1.0124882039451489e-13
0.3450,0.1000,6,-0.3383076978370413,0.5584990346121205,0.8440464439233808,1.2925093128605916e-13
0.3450,0.1000,7,0.0011756557237108825,0.5632823985912406,0.5626209500510335,2.1433522072326643e-14
0.3450,0.1000,10,-0.035909411167826935,0.15488625245995816,0.16065528929970754,4.4509610308774824e-17
0.3454,0.1000,5,0.34116698601097395,0.558117320763277,0.4161430504811951,1.020766980218602e-13
0.3454,0.1000,6,-0.33865119476097516,0.5585050781058349,0.8444939700223393,1.303275266324141e-13
0.3454,0.1000,7,0.001175655746639816,0.5632823984866328,0.5626209499336633,3.056505478927501e-14
0.3454,0.1000,10,-0.035760459203770516,0.15517034513497374,0.16092510063094947,4.460904323889233e-17
0.3457,0.1000,5,0.3415101565049123,0.5581235439308834,0.41604123623259326,1.0291104203402591e-13
0.3457,0.1000,6,-0.33899466216701396,0.558511117122791,0.8449419167382095,1.3141255157480845e-13
0.3457,0.1000,7,0.001175655746639816,0.5632823984866328,0.5626209499336633,3.339462643691713e-14
0.3457,0.1000,10,-0.0356120529370081,0.15545455955160836,0.16119504606526816,4.473938985645426e-17
0.3460,0.1000,5,0.3418532998949415,0.558129761710409,0.41593947844679213,1.0375170063425862e-13
0.3460,0.1000,6,-0.3393381001381599,0.5585171516371211,0.8453902847340223,1.3250610109473487e-13
0.3460,0.1000,7,0.001175655746639816,0.5632823984866328,0.5626209499336633,3.880460743212138e-14
0.3460,0.1000,10,-0.03546419397977254,0.15573889099964328,0.16146512138542346,4.4812411875041044e-17
0.3464,0.1000,5,0.34219641625655295,0.5581359740893087,0.41583777704158637,1.0459897445267285e-13
0.3464,0.1000,6,-0.3396815087572389,0.5585231816231051,0.8458390746742973,1.3360813668613284e-13
0.3464,0.1000,7,0.001175655746639816,0.5632823984866328,0.5626209499336633,4.785648955489877e-14
0.3464,0.1000,10,-0.03531688387807209,0.1560233347599139,0.1617353223586364,4.4987065025830656e-17
0.3467,0.1000,5,0.34253950566503216,0.5581421810551138,0.4157361319350047,1.0545273310389928e-13
0.3467,0.1000,6,-0.3400248881069006,0.5585292070551685,0.8462882872250449,1.3471857061266103e-13
0.3467,0.1000,7,0.001175655746639816,0.5632823984866328,0.5626209499336633,6.104772795917571e-14
0.3467,0.1000,10,-0.03517012411161117,0.1563078861064703,0.1620056447387124,4.5031380742136476e-17
0.3470,0.1000,5,0.34288256819546276,0.5581483825954335,0.41563454304531,1.063129811722105e-13
0.3470,0.1000,6,-0.3403682382696196,0.5585352279078823,0.8467379230537712,1.3583758015558572e-13
0.3470,0.1000,7,0.001175655746639816,0.5632823984866328,0.5626209499336633,7.956314892296897e-14
0.3470,0.1000,10,-0.03502391609396449,0.15659254030641548,0.1622760842657979,4.519727896721908e-17
0.3474,0.1000,5,0.34322560392272533,0.5581545786979499,0.4155330102909951,1.0718007772755651e-13
0.3474,0.1000,6,-0.34071155932769576,0.5585412441559644,0.8471879828294825,1.369652381932976e-13
0.3474,0.1000,7,0.001175655746639816,0.5632823984866328,0.5626209499336633,3.734328507097334e-14
0.3474,0.1000,10,-0.034878261172853316,0.15687729262262382,0.16254663666913893,4.526727699089756e-17
0.3477,0.1000,5,0.3435686129214985,0.5581607693504269,0.4154315335907887,1.0805364112675875e-13
0.3477,0.1000,6,-0.3410548513632543,0.5585472557742767,0.8476384672226869,1.3810193345356853e-13
0.3477,0.1000,7,0.001175655746639816,0.5632823984866328,0.5626209499336633,4.344600422152785e-14
0.3477,0.1000,10,-0.03473316063024279,0.15716213831357553,0.1628172976668192,4.5391273071421444e-17
0.3480,0.1000,5,0.3439115952662594,0.5581669545406996,0.4153301128636472,1.0893398003685557e-13
0.3480,0.1000,6,-0.34139811445824453,0.5585532627378305,0.8480893769054023,1.3924721511671094e-13
0.3480,0.1000,7,0.001175655746639816,0.5632823984866328,0.5626209499336633,5.19743970206855e-14
0.3480,0.1000,10,-0.03458861568248045,0.15744707263551783,0.1630880629679152,4.544607650664423e-17
0.3484,0.1000,5,0.34425455103128566,0.5581731342566838,0.4152287480287601,1.0982109675557415e-13
0.3484,0.1000,6,-0.34174134869444367,0.5585592650217808,0.8485407125511576,1.4040138544407884e-13
0.3484,0.1000,7,0.0011756557607580003,0.5632823986399044,0.5626209500788211,6.103667382080472e-14
0.3484,0.1000,10,-0.03444462748085177,0.15773209084292675,0.16335892827296003,4.553780360882178e-17
0.3487,0.1000,5,0.34459748029065357,0.5581793084863692,0.41512743900554605,1.1071491988432911e-13
0.3487,0.1000,6,-0.34208455415345473,0.5585652626014292,0.8489924748349975,1.4156437990201083e-13
0.3487,0.1000,7,0.0011756557607580003,0.5632823986399044,0.5626209500788211,7.544933247341843e-14
0.3487,0.1000,10,-0.03430119711152575,0.15801718819016267,0.16362988927554012,4.560716193976292e-17
0.3490,0.1000,5,0.34494038311824166,0.558185477217823,0.415026185713653,1.1161572895767775e-13
0.3490,0.1000,6,-0.3424277309167085,0.5585712554522224,0.8494446644334859,1.427367526508273e-13
0.3490,0.1000,7,0.0011756557607580003,0.5632823986399044,0.5626209500788211,2.6762722471892712e-14
0.3490,0.1000,10,-0.03415832559602057,0.15830235993227448,0.16390094166309693,4.5690258462582275e-17
0.3494,0.1000,5,0.3452832595877292,0.5581916404391906,0.4149249880729594,1.1252338818592065e-13
0.3494,0.1000,6,-0.34277087906545967,0.5585772435497551,0.8498972820247098,1.439175940513165e-13
